ID,IUPAC,SMILES,IE(%),Category,Concentration_mM,BaseMaterial,Temperature(K),Method,Aggressive Component,MolWt
0,"(1-Benzyl-1H-1,2,3-triazole-4-yl)methanol(BTM)",OCc1cn(Cc2ccccc2)nn1,89.3,Triazole,1,Carbon Steel,298K,Potentiodynamic Polarization,1.0M HCL,189.218
1,"(1-(pyridin-4-ylmethyl)-1H-1,2,3-triazole-4-yl)methanol(PTM)",OCc1cn(Cc2ccncc2)nn1,90.2,Triazole,1,Carbon Steel,298K,Potentiodynamic Polarization,1.0M HCL,190.206
2,"Bis(p-(N,N,N-decyldimethylammoniumbromide)benzylidenethiourea(10-S-10)",CCCCCCCCCC[N+](C)(C)c1ccc(C=NC(=S)N=Cc2ccc([N+](C)(C)CCCCCCCCCC)cc2)cc1.[Br-].[Br-],93.46,Schiff bases,1,Carbon Steel,298K,Potentiodynamic Polarization,1.0M HCL,780.844
3,"Bis(p-(N,N,N-dodecyldimethylammoniumbromide)benzylidene)thiourea(12-S-12)",CCCCCCCCCCCC[N+](C)(C)c1ccc(C=NC(=S)N=Cc2ccc([N+](C)(C)CCCCCCCCCCCC)cc2)cc1.[Br-].[Br-],94.18,Schiff bases,1,Carbon Steel,298K,Potentiodynamic Polarization,1.0M HCL,836.952
4,"Bis(p-(N,N,N-tetradecyldimethylammoniumbromide)benzylidene)thiourea(14-S-14)",CCCCCCCCCCCCCCCC[N+](C)(C)c1ccc(C=NC(=S)N=Cc2ccc([N+](C)(C)CCCCCCCCCCCCCCCC)cc2)cc1.[Br-].[Br-],95.04,Schiff bases,1,Carbon Steel,298K,Potentiodynamic Polarization,1.0M HCL,949.168
5,4-((thiophene-2-ylmethylene)amino)benzamide,NC(=O)c1ccc(/N=C/c2cccs2)cc1,88,Schiff bases,1,Carbon Steel,298K,Potentiodynamic Polarization,1.0M HCL,230.292
6,hexamethylenediaminetetra(methylenephosphonicacid),O=P(O)(O)CN(CCCCCCN(CP(=O)(O)O)CP(=O)(O)O)CP(=O)(O)O,73.27,Phosphonate esters,1,Carbon Steel,298K,Potentiodynamic Polarization,1.0M HCL,492.232
7,(NE)-N-(thiophen-3-ylmethylidene)-4-({4-[(E)-(thiophen-2-ylmethylidene)amino]phenyl}m-ethyl)aniline,C(=N/c1ccc(Cc2ccc(/N=C/c3ccsc3)cc2)cc1)\c1ccsc1,76.1,Schiff bases,1,Carbon Steel,298K,Potentiodynamic Polarization,1.0M HCL,386.545
8,4-methoxy-2-nitroaniline,COc1ccc(N)c([N+](=O)[O-])c1,86.1,Anisole,1,Carbon Steel,298K,Potentiodynamic Polarization,1.0M HCL,168.152
9,4-methoxy-N-methylaniline,CNc1ccc(OC)cc1,82.7,Anisole,1,Carbon Steel,298K,Potentiodynamic Polarization,1.0M HCL,137.182
10,3bromo-4mothoxybenzaldehyde,COc1ccc(C=O)cc1Br,81.9,Anisole,1,Carbon Steel,298K,Potentiodynamic Polarization,1.0M HCL,215.046
11,(E)-4-hydroxy-6-methyl-3-(1-(phenylimino)ethyl)-2H-pyran-2-one,C/C(=N\c1ccccc1)c1c(O)cc(C)oc1=O,86.5,Pyranes,1,Carbon Steel,298K,Potentiodynamic Polarization,1.0M HCL,243.262
12,(E)-3-(1-((2-chlorophenyl)imino)ethyl)-4-hydroxy-6-methyl-2H-pyran-2-one,C/C(=N\c1ccccc1Cl)c1c(O)cc(C)oc1=O,81.4,Pyranes,1,Carbon Steel,298K,Potentiodynamic Polarization,1.0M HCL,277.707
13,6-amino-5-cyano-2-methyl-4-phenyl-4Hpyran-3-carboxylate,CCOC(=O)C1=C(c2ccccc2)C(C#N)=C(N)OC1C,68,Pyranes,1,Carbon Steel,298K,Potentiodynamic Polarization,1.0M HCL,284.315
14,"2-amino-7,7-dimethyl-5-oxo-4-phenyl-5,6,7,8-tetrahydro-4H-chromene-3-carbonitrile",CC(=O)c1c(O)cc(C)oc1=O,80.6,Pyranes,1,Carbon Steel,298K,Potentiodynamic Polarization,1.0M HCL,168.148
15,5-aminomethyl-8-hydroxyquinoline(AMHQ),NCc1ccc(O)c2ncccc12,87.1,Quinolines,1,Carbon Steel,298K,Potentiodynamic Polarization,1.0M HCL,174.203
16,5-N-acethylaminomethyl-8-hydroxyquinoline(ACAMHQ),CC(=O)NCc1ccc(O)c2ncccc12,91.9,Quinolines,1,Carbon Steel,298K,Potentiodynamic Polarization,1.0M HCL,216.24
17,"5-N,N'-dimethylaminomethyl-8-hydroxyquinoline(DMHQ)",CN(C)Cc1ccc(O)c2ncccc12,92.8,Quinolines,1,Carbon Steel,298K,Potentiodynamic Polarization,1.0M HCL,202.257
18,"2,2'-(((sulfonylbis(4,1-phenylene))bis(oxy))bis(methylene))bis(oxirane)(ER1)",O=S(=O)(c1ccc(OCC2CO2)cc1)c1ccc(OCC2CO2)cc1,97.6,Epoxy,1,Carbon Steel,298K,Potentiodynamic Polarization,1.0M HCL,362.403
19,"2,2'-bis(oxiran-2-ylmethoxy)-1,1'-biphenyl(ER2)",c1ccc(-c2ccccc2OCC2CO2)c(OCC2CO2)c1,95.8,Epoxy,1,Carbon Steel,298K,Potentiodynamic Polarization,1.0M HCL,298.338
20,"3-methyl-5,5-diphenylimidazolidine-2,4-dionetested(MPIM)",CN1C(=O)NC(c2ccccc2)(c2ccccc2)C1=O,89.1,Imidazoles,1,Carbon Steel,298K,Potentiodynamic Polarization,1.0M HCL,266.3
21,5-((benzyloxy)methyl)quinolin-8-ol(BMQ),Oc1ccc(COCc2ccccc2)c2cccnc12,94.2,Quinolines,1,Carbon Steel,298K,Potentiodynamic Polarization,1.0M HCL,265.312
22,5-((2-(diethylamino)ethoxy)methyl)quinolin-8-ol(DEMQ),CCN(CC)CCOCc1ccc(O)c2ncccc12,93.7,Quinolines,1,Carbon Steel,298K,Potentiodynamic Polarization,1.0M HCL,274.364
23,2-(2-hydroxybenzylideneamino)phenol,Oc1ccccc1/C=N/c1ccccc1O,80,Schiff bases,1,Carbon Steel,298K,Potentiodynamic Polarization,1.0M HCL,213.236
24,2-((2-hydroxyphenylimino)methyl)-4-methylphenol,Cc1ccc(O)c(/C=N/c2ccccc2O)c1,85,Schiff bases,1,Carbon Steel,298K,Potentiodynamic Polarization,1.0M HCL,227.263
25,2-((2-hydroxyphenylimino)methyl)-4-methoxyphenol,COc1ccc(O)c(/C=N/c2ccccc2O)c1,91,Schiff bases,1,Carbon Steel,298K,Potentiodynamic Polarization,1.0M HCL,243.262
26,2-(allylthio)-1H-benzo[d]imidazole(SHA),C=CCSc1nc2ccccc2[nH]1,93.7,Benzimidazoles,1,Carbon Steel,298K,Potentiodynamic Polarization,1.0M HCL,190.271
27,bis((1H-benzo[d]imidazole-2-yl)thio)methane(BB1C),c1ccc2[nH]c(SCSc3nc4ccccc4[nH]3)nc2c1,97.1,Benzimidazoles,1,Carbon Steel,298K,Potentiodynamic Polarization,1.0M HCL,312.423
28,1-Hexyl-3-methylimidazoliumiodide,CCCCCCn1cc[n+](C)c1.[I-],92.4,Imidazoles,1,Carbon Steel,298K,Potentiodynamic Polarization,1.0M HCL,294.18
29,1-Butyl-3-methylimidazoliumiodide,CCCCn1cc[n+](C)c1.[I-],82.4,Imidazoles,1,Carbon Steel,298K,Potentiodynamic Polarization,1.0M HCL,266.126
30,1-Methyl-3-propylimidazoliumiodide,CCCn1cc[n+](C)c1.[I-],77.4,Imidazoles,1,Carbon Steel,298K,Potentiodynamic Polarization,1.0M HCL,252.099
31,"4,5-diethyl1-[(4-ethyl-2-phenyl-4,5-dihydro-1,3-oxazol-4-yl)methyl]-4,5-dihydro-1H-1,2,3-triazole-4,5-dicarboxylate",CCOC(=O)C1N=NN(CC2(CC)COC(c3ccccc3)=N2)C1C(=O)OCC,92.5,Triazole,1,Carbon Steel,298K,Potentiodynamic Polarization,1.0M HCL,402.451
32,"Hydroxy-ethoxyN-(2-(2-hydroxyethoxy)ethyl)-N,N-dimethyloctan-1-aminiumbromide",CCCCCCCC[N+](C)(C)CCOCCO.[Br-],91.9,Brominated,1,Carbon Steel,298K,Potentiodynamic Polarization,1.0M HCL,326.319
33,"N,N-dimethyl-4-(((1-methyl-2-phenyl-2,3-dihydro-1H-pyrazol-4-yl)imino)methyl)-N-octylbenzenaminiumbromide",CCCCCCCC[N+](C)(C)c1ccc(/C=N/c2cn(C)n(-c3ccccc3)c2=O)cc1.[Br-],85.03,Schiff bases,1,Carbon Steel,298K,Potentiodynamic Polarization,1.0M HCL,513.524
34,"N,N-dimethyl-4-(((1-methyl-2-phenyl-2,3-dihydro-1H-pyrazol-4-yl)imino)methyl)-N-dodecylbenzenaminiumbromide",CCCCCCCCCCCC[N+](C)(C)c1ccc(/C=N/c2cn(C)n(-c3ccccc3)c2=O)cc1.[Br-],91.27,Schiff bases,1,Carbon Steel,298K,Potentiodynamic Polarization,1.0M HCL,569.632
35,"N,N-dimethyl-4-(((1-methyl-2-phenyl-2,3-dihydro-1H-pyrazol-4-yl)imino)methyl)-N-hexadecylbenzenaminiumbromide",CCCCCCCCCCCCCCCC[N+](C)(C)c1ccc(/C=N/c2cn(C)n(-c3ccccc3)c2=O)cc1.[Br-],94.01,Schiff bases,1,Carbon Steel,298K,Potentiodynamic Polarization,1.0M HCL,625.74
36,1-(2-(4-chlorophenyl)-2-oxoethyl)pyridaziniumbromide,O=C(C[n+]1ccccn1)c1ccc(Cl)cc1.[Br-],91,Pyridines,1,Carbon Steel,298K,Potentiodynamic Polarization,1.0M HCL,313.582
37,"dibenzo[b,d]thiophene-2,8-diamine(DBTDA)",Nc1ccc2sc3ccc(N)cc3c2c1,89.5,Thiophenes,1,Carbon Steel,298K,Potentiodynamic Polarization,1.0M HCL,214.293
38,"(E,E)-N,N0-dibenzo[b,d]thiene-2,8-diylbis[1-(thiophen-2-yl)methanimine](SB)",C(=N/c1ccc2sc3ccc(/N=C/c4cccs4)cc3c2c1)\c1cccs1,86.4,Thiophenes,1,Carbon Steel,298K,Potentiodynamic Polarization,1.0M HCL,402.569
39,N-(2-hydroxyphenyl)salicyaldimine(Salhp),Oc1ccccc1C=Nc1ccccc1O,88,Schiff bases,1,Carbon Steel,298K,Potentiodynamic Polarization,1.0M HCL,213.236
40,N-(2-methylphenyl)salicyaldimine(Salmp),Cc1ccccc1N=Cc1ccccc1O,93,Schiff bases,1,Carbon Steel,298K,Potentiodynamic Polarization,1.0M HCL,211.264
41,N-(2-methoxyphenyl)salicyaldimine(Salmop),COc1ccccc1N=Cc1ccccc1O,85,Schiff bases,1,Carbon Steel,298K,Potentiodynamic Polarization,1.0M HCL,227.263
42,"1,3-bis((8?hydroxy-quinolin-5-yl)methyl)-1H-benzimidazol-2(3H)-one(BHMB)",O=c1n(Cc2ccc(O)c3ncccc23)c2ccccc2n1Cc1ccc(O)c2ncccc12,94.5,Quinolines,1,Carbon Steel,298K,Potentiodynamic Polarization,1.0M HCL,448.482
43,1-((8-hydroxyquinolin-5-yl)methyl)-3-(prop?1-en-2-yl)-1H-benzimidazol-2(3H)-one(HMPB),C=C(C)n1c(=O)n(Cc2ccc(O)c3ncccc23)c2ccccc21,93.6,Quinolines,1,Carbon Steel,298K,Potentiodynamic Polarization,1.0M HCL,331.375
44,diglycidylaminobenzene(DGAB),c1ccc(N(CC2CO2)CC2CO2)cc1,96.3,Epoxy,1,Carbon Steel,298K,Potentiodynamic Polarization,1.0M HCL,205.257
45,2-Chloro-1H-imidazole,Clc1ncc[nH]1,47.7,Imidazoles,1,Carbon Steel,298K,Potentiodynamic Polarization,1.0M HCL,102.524
46,4'-(Imidazol-1-yl)acetophenone,CC(=O)c1ccc(-n2ccnc2)cc1,70.5,Imidazoles,1,Carbon Steel,298K,Potentiodynamic Polarization,1.0M HCL,186.214
47,4-(1H-Imidazol-1-yl)aniline,Nc1ccc(-n2ccnc2)cc1,66.2,Imidazoles,1,Carbon Steel,298K,Potentiodynamic Polarization,1.0M HCL,159.192
48,4'-(Imidazol-1-yl)benzaldehyde,O=Cc1ccc(-n2ccnc2)cc1,72.2,Imidazoles,1,Carbon Steel,298K,Potentiodynamic Polarization,1.0M HCL,172.187
49,1-(4-Bromophenyl)-1H-imidazole,Brc1ccc(-n2ccnc2)cc1,56.4,Imidazoles,1,Carbon Steel,298K,Potentiodynamic Polarization,1.0M HCL,223.073
50,1-(4-Chlorophenyl)imidazole,Clc1ccc(-n2ccnc2)cc1,51.3,Imidazoles,1,Carbon Steel,298K,Potentiodynamic Polarization,1.0M HCL,178.622
51,4-(Imidazol-1-yl)phenol,Oc1ccc(-n2ccnc2)cc1,78.4,Imidazoles,1,Carbon Steel,298K,Potentiodynamic Polarization,1.0M HCL,160.176
52,1-(3-Chlorophenyl)imidazole,Clc1cccc(-n2ccnc2)c1,57.2,Imidazoles,1,Carbon Steel,298K,Potentiodynamic Polarization,1.0M HCL,178.622
53,1-(2-Chlorophenyl)imidazole,Clc1ccccc1-n1ccnc1,51.9,Imidazoles,1,Carbon Steel,298K,Potentiodynamic Polarization,1.0M HCL,178.622
54,2-(Chloromethyl)benzimidazole,ClCc1nc2ccccc2[nH]1,81,Benzimidazoles,1,Carbon Steel,298K,Potentiodynamic Polarization,1.0M HCL,166.611
55,6-Bromo-1H-benzimidazole,Brc1ccc2nc[nH]c2c1,60.7,Benzimidazoles,1,Carbon Steel,298K,Potentiodynamic Polarization,1.0M HCL,197.035
56,1H-Benzimidazol-5-amine,Nc1ccc2nc[nH]c2c1,62.6,Benzimidazoles,1,Carbon Steel,298K,Potentiodynamic Polarization,1.0M HCL,133.154
57,1-(3-phenoxypropyl)pyridazin-1-iumbromide,[Br-].c1ccc(OCCC[n+]2ccccn2)cc1,91.03,pyridazines,1,Carbon Steel,298K,Potentiodynamic Polarization,1.0M HCL,295.18
58,4-(4-((Pyridin-2-yl)methyleneamino)phenoxy)-N-((pyridin-2-yl)methylene)benzenamine(PMB),C(=N/c1ccc(Oc2ccc(/N=C/c3ccccn3)cc2)cc1)\c1ccccn1,81.14,Schiff bases,1,Carbon Steel,298K,Potentiodynamic Polarization,1.0M HCL,378.435
59,4-(4-(4-((Pyridin-2-yl)methyleneamino)phenoxy)phenoxy)-N-((pyridin-2-yl)methylene)benzenamine(PPMB),C(=N/c1ccc(Oc2ccc(Oc3ccc(/N=C/c4ccccn4)cc3)cc2)cc1)\c1ccccn1,87.83,Schiff bases,1,Carbon Steel,298K,Potentiodynamic Polarization,1.0M HCL,470.532
60,2-(4-nitrophenyl)benzimidazole(4NPBI),O=[N+]([O-])c1ccc(-c2nc3ccccc3[nH]2)cc1,95.9,Benzimidazoles,1,Carbon Steel,298K,Potentiodynamic Polarization,1.0M HCL,239.234
61,2-(4-aminophenyl)benzimidazole(4APBI),Nc1ccc(-c2nc3ccccc3[nH]2)cc1,93.9,Benzimidazoles,1,Carbon Steel,298K,Potentiodynamic Polarization,1.0M HCL,209.252
62,2-(2-nitrophenyl)benzimidazole(2NPBI),O=[N+]([O-])c1ccccc1-c1nc2ccccc2[nH]1,90.9,Benzimidazoles,1,Carbon Steel,298K,Potentiodynamic Polarization,1.0M HCL,239.234
63,2-(2-aminophenyl)benzimidazole(2APBI),Nc1ccccc1-c1nc2ccccc2[nH]1,89.3,Benzimidazoles,1,Carbon Steel,298K,Potentiodynamic Polarization,1.0M HCL,209.252
64,2-phenylbenzimidazole(PBI),c1ccc(-c2nc3ccccc3[nH]2)cc1,87.9,Benzimidazoles,1,Carbon Steel,298K,Potentiodynamic Polarization,1.0M HCL,194.237
65,"2-(1,4,5-triphenyl-1H-imidazol-2-yl)phenol",Oc1ccccc1-c1nc(-c2ccccc2)c(-c2ccccc2)n1-c1ccccc1,94,Imidazoles,1,Carbon Steel,298K,Potentiodynamic Polarization,1.0M HCL,388.47
66,"3-methoxy-4-(1,4,5-triphenyl-1H-imidazol-2-yl)phenol",COc1cc(O)ccc1-c1nc(-c2ccccc2)c(-c2ccccc2)n1-c1ccccc1,95.4,Imidazoles,1,Carbon Steel,298K,Potentiodynamic Polarization,1.0M HCL,418.496
67,1-ethyl-4-(2-(4-fluorobenzylidene)hydrazinecarbonyl)pyridin-1-iumiodide(IPyrC2H5),CC[n+]1ccc(C(=O)N/N=C/c2ccc(F)cc2)cc1.[I-],88.8,Pyridines,1,Carbon Steel,298K,Potentiodynamic Polarization,1.0M HCL,399.207
68,1-butyl-4-(2-(4-fluorobenzylidene)hydrazinecarbonyl)pyridin-1-iumiodide(IPyr-C4H9),CCCC[n+]1ccc(C(=O)N/N=C/c2ccc(F)cc2)cc1.[I-],92.3,Pyridines,1,Carbon Steel,298K,Potentiodynamic Polarization,1.0M HCL,427.261
69,"4-[bis[4-(dimethylamino)phenyl]methyl]-N,N-dimethylaniline",CN(C)c1ccc(C(=C2C=CC(=[N+](C)C)C=C2)c2ccc(N(C)C)cc2)cc1.[Cl-],75,Anilines,1,Carbon Steel,298K,Potentiodynamic Polarization,1.0M HCL,407.989
70,penicillinG,CC1(C)S[C@@H]2[C@H](NC(=O)Cc3ccccc3)C(=O)N2C1C(=O)O,86.8,  - Lactam antibiotics,1,Carbon Steel,298K,Potentiodynamic Polarization,1.0M HCL,334.397
71,ampicillin,CC1(C)S[C@@H]2[C@H](NC(=O)C(N)c3ccccc3)C(=O)N2C1C(=O)O,82.4,  - Lactam antibiotics,1,Carbon Steel,298K,Potentiodynamic Polarization,1.0M HCL,349.412
72,amoxicillin,CC1(C)S[C@@H]2[C@H](NC(=O)C(N)c3ccc(O)cc3)C(=O)N2C1C(=O)O,66.6,  - Lactam antibiotics,1,Carbon Steel,298K,Potentiodynamic Polarization,1.0M HCL,365.411
73,"3-(5-methoxy-2-hydroxybenzylideneamino)-2(5-methoxy-2-hydroxyphenyl)-2,3-dihydroquinazoline-4(1H)-one(MMDQ)",COc1ccc(O)c(/C=N/N2C(=O)c3ccccc3NC2c2cc(OC)ccc2O)c1,93,Schiff bases,1,Carbon Steel,298K,Potentiodynamic Polarization,1.0M HCL,419.437
74,"3-(5-nitro-2-hydroxybenzylideneamino)-2(5-nitro-2-hydroxyphenyl)-2,3-dihydroquinazoline-4(1H)-one(NNDQ)",O=C1c2ccccc2NC(c2cc([N+](=O)[O-])ccc2O)N1/N=C/c1cc([N+](=O)[O-])ccc1O,90.2,Schiff bases,1,Carbon Steel,298K,Potentiodynamic Polarization,1.0M HCL,449.379
75,"1-(4-isopropylphenyl)-2-(2,4-dinitrophenyl)",CC(C)c1ccc(/C=N/Nc2ccc([N+](=O)[O-])cc2[N+](=O)[O-])cc1,93.46,Hydrazine,1,Carbon Steel,298K,Potentiodynamic Polarization,1.0M HCL,328.328
76,N-dimethyldodecan-1-aminiumbromide(HEDDB),CCCCCCCCCCCC[N+](C)(C)CCOCCO.[Br-],93.4,Brominated,1,Carbon Steel,298K,Potentiodynamic Polarization,1.0M HCL,382.427
77,(N-(3-(dimethylhexadecylammonio)propyl)palmitamidebromide,CCCCCCCCCCCCCCCC[N+](C)(C)CCCNC(=O)CCCCCCCCCCCCCCC.[Br-],98.5,Brominated,1,Carbon Steel,298K,Potentiodynamic Polarization,1.0M HCL,645.94
78,6-benzylquinoline(BQ),c1ccc(Cc2ccc3ncccc3c2)cc1,96.54,Quinolines,1,Carbon Steel,298K,Potentiodynamic Polarization,1.0M HCL,219.287
79,"6-(quinolin-6-ylmethyl)benzene-1,2,3,4,5-pentasulfonicacid(QBPA)",O=S(=O)(O)c1c(Cc2ccc3ncccc3c2)c(S(=O)(=O)O)c(S(=O)(=O)O)c(S(=O)(=O)O)c1S(=O)(=O)O,98.03,Quinolines,1,Carbon Steel,298K,Potentiodynamic Polarization,1.0M HCL,619.607
80,Vincamine(VCA),CC[C@]12CCCN3CCc4c(n(c5ccccc45)[C@@](O)(C(=O)OC)C1)[C@@H]32,79.4,Bisindole alkaloid,1,Carbon Steel,298K,Potentiodynamic Polarization,1.0M HCL,354.45
81,"theepoxypolymerS,S'-diglycidylO,O'-dicarbonodithioateofbisphenolA(DGDCBA)",CC(C)(c1ccc(OC(=S)SCC2CO2)cc1)c1ccc(C(=S)SCC2CO2)cc1,96,Epoxy,1,Carbon Steel,298K,Potentiodynamic Polarization,1.0M HCL,476.71
82,3-methyl-2-(p-tolyl)quinazolin-4(3H)-one(QZ-CH3),Cc1ccc(-c2nc3ccccc3c(=O)n2C)cc1,92.27,Quinazolines,1,Carbon Steel,298K,Potentiodynamic Polarization,1.0M HCL,250.301
83,3-methyl-2-phenylquinazolin-4(3H)-one(QZ-H),Cn1c(-c2ccccc2)nc2ccccc2c1=O,89.93,Quinazolines,1,Carbon Steel,298K,Potentiodynamic Polarization,1.0M HCL,236.274
84,3-methyl-2-(4-nitrophenyl)quinazolin-4(3H)-one(QZ-NO2),Cn1c(-c2ccc([N+](=O)[O-])cc2)nc2ccccc2c1=O,90.72,Quinazolines,1,Carbon Steel,298K,Potentiodynamic Polarization,1.0M HCL,281.271
85,2-(4-hydroxyphenyl)-3-methylquinazolin-4(3H)-one(QZ-OH),Cn1c(-c2ccc(O)cc2)nc2ccccc2c1=O,91.94,Quinazolines,1,Carbon Steel,298K,Potentiodynamic Polarization,1.0M HCL,252.273
86,L-cysteine(Cys),N[C@@H](CS)C(=O)O,45,Amino acids,1,Carbon Steel,298K,Potentiodynamic Polarization,1.0M HCL,121.161
87,N-((8-hydroxyquinolin-5-yl)methyl)-4-methylpiperazine-1-carbothioamide,CN1CCN(C(=S)NCc2ccc(O)c3ncccc23)CC1,95.1,Quinolines,1,Carbon Steel,298K,Potentiodynamic Polarization,1.0M HCL,316.43
88,N-((8-hydroxyquinolin-5-yl)methyl)-4-phenylpiperazine-1-carbothioamide,Oc1ccc(CNC(=S)N2CCN(c3ccccc3)CC2)c2cccnc12,93.5,Quinolines,1,Carbon Steel,298K,Potentiodynamic Polarization,1.0M HCL,378.501
89,1-heptylpyridaziniumiodide,CCCCCCC[n+]1ccccn1.[I-],91.4,Pyridines,1,Carbon Steel,298K,Potentiodynamic Polarization,1.0M HCL,306.191
90,1-nonylpyridaziniumiodide,CCCCCCCCC[n+]1ccccn1.[I-],87.7,Pyridines,1,Carbon Steel,298K,Potentiodynamic Polarization,1.0M HCL,334.245
91,1-octylpyridaziniumiodide,CCCCCCCC[n+]1ccccn1.[I-],89.2,Pyridines,1,Carbon Steel,298K,Potentiodynamic Polarization,1.0M HCL,320.218
92,4-Ethoxybenzaldehydethiosemicarbazone,CCOc1ccc(/C=N/NC(N)=S)cc1,81,Thiourea,1,Carbon Steel,298K,Potentiodynamic Polarization,1.0M HCL,223.301
93,4-Hydroxybenzaldehydethiosemicarbazone,NC(=S)N/N=C/c1ccc(O)cc1,89,Thiourea,1,Carbon Steel,298K,Potentiodynamic Polarization,1.0M HCL,195.247
94,4-Hydroxy-3-methoxybenzaldehydethiosemicarbazone,COc1cc(/C=N/NC(N)=S)ccc1O,88,Thiourea,1,Carbon Steel,298K,Potentiodynamic Polarization,1.0M HCL,225.273
95,2-Pyridinecarboxaldehydethiosemicarbazone,NC(=S)N/N=C/c1ccccn1,78,Thiourea,1,Carbon Steel,298K,Potentiodynamic Polarization,1.0M HCL,180.236
96,2-Indolecarboxaldehydesemicarbazone,NC(=O)N/N=C/c1cc2ccccc2[nH]1,63,Semicarbazones,1,Carbon Steel,298K,Potentiodynamic Polarization,1.0M HCL,202.217
97,2-Pyridinecarboxaldehydesemicarbazone,CNC(=O)N/N=C/c1ccccn1,52,Semicarbazones,1,Carbon Steel,298K,Potentiodynamic Polarization,1.0M HCL,178.195
98,1H-benzimidazol-2-thioyldodecane(MBI-C12),CCCCCCCCCCCCCSc1nc2ccccc2[nH]1,95.7,Benzimidazoles,1,Carbon Steel,298K,Potentiodynamic Polarization,1.0M HCL,332.557
99,2-((4-(dimethylamino)benzylidene)amino)benzenethiol(DBB),CN(C)c1ccc(/C=N/c2ccccc2S)cc1,77,Schiff bases,1,Carbon Steel,298K,Potentiodynamic Polarization,1.0M HCL,256.374
100,2-aryl-benzothiazin-3-one,O=C1Nc2ccccc2SC1c1ccc(Cl)cc1,94,Benzimidazoles,1,Carbon Steel,298K,Potentiodynamic Polarization,1.0M HCL,275.76
101,3-aryl-benzothiazin-2-one,Cc1ccc(C2Nc3ccccc3SC2=O)cc1,92,Benzimidazoles,1,Carbon Steel,298K,Potentiodynamic Polarization,1.0M HCL,255.342
102,"aminocarbonitrile-incorporatedpolyhydroxy-functionalizedpyrido[2,3-d]pyrimidinederivative(PPAC)",N#CC1=C(N)N(C2[C@H](O)[C@@H](O)[C@H](CO)O[C@H]2O)c2[nH]c(=O)[nH]c(=O)c2C1c1ccc([N+](=O)[O-])cc1,87.79,Pyrimidines,1,Carbon Steel,298K,Potentiodynamic Polarization,1.0M HCL,488.413
103,"1,2,4-triazolederivative,namely5-hexylsulfanyl-1,2,4-triazole(HST)",CCCCCCSc1ncn[nH]1,91,Triazole,1,Carbon Steel,298K,Potentiodynamic Polarization,1.0M HCL,185.296
104,Losartanpotassium,CCCCc1nc(Cl)c(CO)n1Cc1ccc(-c2ccccc2-c2nnnn2[K])cc1,83,Imidazoles,1,Carbon Steel,298K,Potentiodynamic Polarization,1.0M HCL,461.01
105,thiabendazole(TBZ),c1ccc2[nH]c(-c3cscn3)nc2c1,86.1,Benzimidazoles,1,Carbon Steel,298K,Potentiodynamic Polarization,1.0M HCL,201.254
106,"4,4'-oxybis(N,N-bis(oxiran-2-ylmethyl)aniline)(AA2)",c1cc(N(CC2CO2)CC2CO2)ccc1Oc1ccc(N(CC2CO2)CC2CO2)cc1,91.3,Epoxy,1,Carbon Steel,298K,Potentiodynamic Polarization,1.0M HCL,424.497
107,"(5-(4-(diethylamino)benzylidene)amino)-1,3,4-thiadiazole-2-thiol(5-DAT)",CCN(CC)c1ccc(C=Nc2nnc(S)s2)cc1,96.9,Schiff bases,1,Carbon Steel,298K,Potentiodynamic Polarization,1.0M HCL,292.433
108,tert-butyl((8-hydroxyquinolin-5-yl)-methyl)-carbamate(BHQC),CC(C)(C)OC(=O)NCc1ccc(O)c2ncccc12,94.9,Quinolines,1,Carbon Steel,298K,Potentiodynamic Polarization,1.0M HCL,274.32
109,Ethyl3-(((8-hydroxyquinolin-5-yl)-methyl)-amino)-3-oxopropanoate(EHQP),CCOC(=O)CC(=O)NCc1ccc(O)c2ncccc12,83.1,Quinolines,1,Carbon Steel,298K,Potentiodynamic Polarization,1.0M HCL,288.303
110,1-hydroxyethyl-3-methylimidazoliumbis(fluorosulfon)imide([(OHC2)MIm][FSI]),C[N+]1=CCN(CCO)C1.O=S(=O)(F)[N-]S(=O)(=O)F,13.7,Imidazoles,1,Carbon Steel,298K,Potentiodynamic Polarization,1.0M HCL,309.316
111,1-hydroxyethyl-3-methylimidazoliumbis(trifluoromethylsulfonyl)imide([(OHC2)MIm][NTF2]),C[N+]1=CCN(CCO)C1.O=S(=O)([N-]S(=O)(=O)C(F)(F)F)C(F)(F)F,26.4,Imidazoles,1,Carbon Steel,298K,Potentiodynamic Polarization,1.0M HCL,409.33
112,2-Nitroacridone,O=c1c2ccccc2[nH]c2ccc([N+](=O)[O-])cc12,83.8,Quinolines,1,Carbon Steel,298K,Potentiodynamic Polarization,1.0M HCL,240.218
113,1-hydroxyethyl-3-2011methylimidazoliumhexafluorophosphate([(HOC2)MIm]PF6),Cn1cc[n+](CCO)c1.F[P-](F)(F)(F)(F)F,43.77,Imidazoles,1,Carbon Steel,298K,Potentiodynamic Polarization,1.0M HCL,272.129
114,"5,6-anhydro-3-O-hexadecyl-1,2-O-isopropylidene-a-D-glucofuranose(G-C6)",CCCCCCOC1C2OC(C)(C)O[C@H]2O[C@]12CO2,94.3,Glucose,1,Carbon Steel,298K,Potentiodynamic Polarization,1.0M HCL,272.341
115,"5,6-anhydro-3-O-dodecyl-1,2-O-isopropylidene-a-D-glucofuranose(G-C12)",CCCCCCCCCCCCOC1C2OC(C)(C)O[C@H]2O[C@]12CO2,94.4,Glucose,1,Carbon Steel,298K,Potentiodynamic Polarization,1.0M HCL,356.503
116,"4,4'-((1E,1'E)-((3,3'-dimethoxy-[1,1'-biphenyl]-4,4'-diyl)bisazaneylylidene))bis(methaneylylidene))bis(N,N-dimethyl-N-octylbenzenaminium)bromide(I8)",CCCCCCCC[N+](C)(C)c1ccc(/C=N/c2ccc(-c3ccc(/N=C/c4ccc([N+](C)(C)CCCCCCC)cc4)c(OC)c3)cc2OC)cc1.[Br-].[Br-],97.27,Anilines,1,Carbon Steel,298K,Potentiodynamic Polarization,1.0M HCL,878.879
117,"4,4'-((1E,1'E)-((3,3'-dimethoxy-[1,1'-biphenyl]-4,4'-diyl)bis(azaneylylidene))bis(methaneylylidene))bis(N-decyl-N,Ndimethylbenzenaminium)(I10)",CCCCCCCCCC[N+](C)(C)c1ccc(/C=N/c2ccc(-c3ccc(/N=C/c4ccc([N+](C)(C)CCCCCCCCC)cc4)c(OC)c3)cc2OC)cc1.[Br-].[Br-],97.76,Anilines,1,Carbon Steel,298K,Potentiodynamic Polarization,1.0M HCL,934.987
118,"4,4'-((1E,1'E)-((3,3'-dimethoxy-[1,1'-biphenyl]-4,4'-diyl)bis(azaneylylidene))bis(methaneylylidene))bis(N-dodecyl-N,N-dimethylbenzenaminium)bromide(I12)",CCCCCCCCCCCC[N+](C)(C)c1ccc(/C=N/c2ccc(-c3ccc(/N=C/c4ccc([N+](C)(C)CCCCCCCCCCC)cc4)c(OC)c3)cc2OC)cc1.[Br-].[Br-],97.11,Anilines,1,Carbon Steel,298K,Potentiodynamic Polarization,1.0M HCL,991.095
119,"(E)-N'-benzylidene-2-(3,5-dimethyl-1H-pyrazol-1-yl)acetohydrazide(DPP)",Cc1cc(C)n(CC(=O)N/N=C/c2ccccc2)n1,75.7,Pyrazole,1,Carbon Steel,298K,Potentiodynamic Polarization,1.0M HCL,256.309
120,"E)-N'-(4-chlorobenzylidene)-2-(3,5-dimethyl-1H-pyrazol-1-yl)acetohydrazide(4-CP)",Cc1cc(C)n(CC(=O)N/N=C/c2ccc(Cl)cc2)n1,93,Pyrazole,1,Carbon Steel,298K,Potentiodynamic Polarization,1.0M HCL,290.754
121,2-aminomethylbenzimidazole(ABI),NCc1nc2ccccc2[nH]1,63.4,Benzimidazoles,1,Carbon Steel,298K,Potentiodynamic Polarization,1.0M HCL,147.181
122,bis(2-benzimidazolyl-methyl)amine(BBIA),c1ccc2[nH]c(CNCc3nc4ccccc4[nH]3)nc2c1,88.6,Benzimidazoles,1,Carbon Steel,298K,Potentiodynamic Polarization,1.0M HCL,277.331
123,tri(2-benzimidazolylmethyl)amine(TBIA),c1ccc2[nH]c(CN(Cc3nc4ccccc4[nH]3)Cc3nc4ccccc4[nH]3)nc2c1,92,Benzimidazoles,1,Carbon Steel,298K,Potentiodynamic Polarization,1.0M HCL,407.481
124,triglycidyletheroftriethoxytriazine(TGETET),C(COc1nc(OCCOCC2CO2)nc(OCCOCC2CO2)n1)OCC1CO1,84,Epoxy,1,Carbon Steel,298K,Potentiodynamic Polarization,1.0M HCL,429.426
125,"5-((4,5-dihydro-imidazol-2-yl)methyl)quinolin-8-ol(QIM)",Oc1ccc(CC2=NCCN2)c2cccnc12,96.19,Quinolines,1,Carbon Steel,298K,Potentiodynamic Polarization,1.0M HCL,227.267
126,"5-((4,5-dihydro-oxazol-2-yl)methyl)quinolin-8-ol(QDO)",Oc1ccc(CC2=NCCO2)c2cccnc12,91.65,Quinolines,1,Carbon Steel,298K,Potentiodynamic Polarization,1.0M HCL,228.251
127,"4,40-bis(3-carboxaldehydethiophene)diphenyldiiminoether",C(=N/c1ccc(Oc2ccc(/N=C/c3ccsc3)cc2)cc1)\c1ccsc1,82,Schiff bases,1,Carbon Steel,298K,Potentiodynamic Polarization,1.0M HCL,388.517
128,"4,40-bis(3-carboxaldehydethiophene)diphenyldiiminoethane",C(=N/c1ccc(CCc2ccc(/N=C/c3ccsc3)cc2)cc1)\c1ccsc1,81.1,Schiff bases,1,Carbon Steel,298K,Potentiodynamic Polarization,1.0M HCL,400.572
129,"4-amino-1-((8-hydroxyquinolin-5-yl)methyl)-1,2,3-triazole-5-carboxylate(MHTC)",COOCc1c(N)nnn1Cc1ccc(O)c2ncccc12,87,Triazole,1,Carbon Steel,298K,Potentiodynamic Polarization,1.0M HCL,301.306
130,4-Hydroxy-6-methyl-3-(3-quinolin-8-yl-acryloyl)-pyran-2-one(HMQP),Cc1cc(O)c(C(=O)/C=C/c2cccc3cccnc23)c(=O)o1,85.2,Pyranes,1,Carbon Steel,298K,Potentiodynamic Polarization,1.0M HCL,307.305
131,3-[3-(4-Dimethylamino-phenyl)-acryloyl]-4-hydroxy-6-methyl-pyran-2-one(DMPHP),Cc1cc(O)c(C(=O)/C=C/c2ccc(N(C)C)cc2)c(=O)o1,89.8,Pyranes,1,Carbon Steel,298K,Potentiodynamic Polarization,1.0M HCL,299.326
132,2-(4-pyridyl)-benzimidazole(PBI),c1ccc2[nH]c(-c3ccncc3)nc2c1,80.5,Benzimidazoles,1,Carbon Steel,298K,Potentiodynamic Polarization,1.0M HCL,195.225
133,5-((aminooxy)methyl)quinolin-8-ol(AMQN),NOCc1ccc(O)c2ncccc12,96.9,Quinolines,1,Carbon Steel,298K,Potentiodynamic Polarization,1.0M HCL,190.202
134,5-(hydrazinylmethyl)quinolin-8-ol(HMQN),NNCc1ccc(O)c2ncccc12,97,Quinolines,1,Carbon Steel,298K,Potentiodynamic Polarization,1.0M HCL,189.218
135,(E)-4-(2-(4-fluorobenzylidene)hydrazinecarbonyl)-1-propylpyridin-1-iumiodide(Ipyr-C3H7),CCC[n+]1ccc(C(=O)N/N=C/c2ccc(F)cc2)cc1.[I-],88.6,Pyridines,1,Carbon Steel,298K,Potentiodynamic Polarization,1.0M HCL,413.234
136,(E)-4-(2-(4-fluorobenzylidene)hydrazinecarbonyl)-1-pentylpyridin-1-iumiodide(Ipyr-C5H11),CCCCC[n+]1ccc(C(=O)N/N=C/c2ccc(F)cc2)cc1.[I-],87.8,Pyridines,1,Carbon Steel,298K,Potentiodynamic Polarization,1.0M HCL,441.288
137,5-(((2-aminoethyl)amino)methyl)quinolin-8-ol(N-HQ),NCCNCc1ccc(O)c2ncccc12,96.9,Quinolines,1,Carbon Steel,298K,Potentiodynamic Polarization,1.0M HCL,217.272
138,5-((2-aminoethoxy)methyl)quinolin-8-ol(O-HQ),NCCOCc1ccc(O)c2ncccc12,98.9,Quinolines,1,Carbon Steel,298K,Potentiodynamic Polarization,1.0M HCL,218.256
139,2-(2-(4-chlorophenyl)?1H-benzo[d]imidazol-1-yl)-N-(p-tolyl)acetamide(CBIN-1),Cc1ccc(NC(=O)Cn2c(-c3ccc(Cl)cc3)nc3ccccc32)cc1,94.6,Benzimidazoles,1,Carbon Steel,298K,Potentiodynamic Polarization,1.0M HCL,375.859
140,"2-(2-(4-chlorophenyl)?1H-benzo[d]imidazol-1-yl)-N-(3,5-dimethylphenyl)acetamide(CBIN-2)",Cc1cc(C)cc(NC(=O)Cn2c(-c3ccc(Cl)cc3)nc3ccccc32)c1,95,Benzimidazoles,1,Carbon Steel,298K,Potentiodynamic Polarization,1.0M HCL,389.886
141,2-(2-(4-chlorophenyl)?1H-benzo[d]imidazol-1-yl)-N-phenylacetamide(CBIN-3),O=C(Cn1c(-c2ccc(Cl)cc2)nc2ccccc21)Nc1ccccc1,92.6,Benzimidazoles,1,Carbon Steel,298K,Potentiodynamic Polarization,1.0M HCL,361.832
142,"5-((2-(4-bromophenyl)-5,6-dimethyl-1H-benzimidazol-1-yl)methyl)quinolin-8-ol(BQM)",Cc1cc2nc(-c3ccc(Br)cc3)n(Cc3ccc(O)c4ncccc34)c2cc1C,97,Benzimidazoles,1,Carbon Steel,298K,Potentiodynamic Polarization,1.0M HCL,458.359
143,5-((2-(4-bromophenyl)-1Hbenzimidazol-1-yl)methyl)quinoline-8-ol(BQ),Oc1ccc(Cn2c(-c3ccc(Br)cc3)nc3ccccc32)c2cccnc12,92.1,Benzimidazoles,1,Carbon Steel,298K,Potentiodynamic Polarization,1.0M HCL,430.305
144,Melamine(S1),Nc1nc(N)nc(N)n1,63.87,Triazines,1,Carbon Steel,298K,Potentiodynamic Polarization,1.0M HCL,126.123
145,Melamine(S2),CCCCCCCCNc1nc(NCCCN(C)C)nc(NCCCN(C)C)n1,96.53,Triazines,1,Carbon Steel,298K,Potentiodynamic Polarization,1.0M HCL,408.639
146,Melamine(S3),CCCCCCCCNc1nc(NCCCN(C)C)nc(Sc2nnc(C)s2)n1,96.72,Triazines,1,Carbon Steel,298K,Potentiodynamic Polarization,1.0M HCL,438.671
147,[(2-methoxyphenyl)(methylamino)methyl]phosphonate(2-EHMAP),CCOP(=O)(O)C(NC)c1ccccc1OC,94.06,Phosphonate esters,1,Carbon Steel,298K,Potentiodynamic Polarization,1.0M HCL,259.242
148,[(3-methoxyphenyl)(methylamino)methyl]phosphonate(3-EHMAP),CCOP(=O)(O)C(NC)c1cccc(OC)c1,86.64,Phosphonate esters,1,Carbon Steel,298K,Potentiodynamic Polarization,1.0M HCL,259.242
149,4-phenylthiazole-2-amine(PTA),Cc1nc(-c2ccccc2)cs1,90.3,Thiazoles,1,Carbon Steel,298K,Potentiodynamic Polarization,1.0M HCL,175.256
150,4-(2-aminothiazole-4-yl)phenol(ATP),CN=C(C)S/C=C(\C)c1ccc(O)cc1,91.6,Thiazoles,1,Carbon Steel,298K,Potentiodynamic Polarization,1.0M HCL,221.325
151,"4,4'-(thiobis(2-aminothiazole-5,4-diyl))diphenol(TATD)",Nc1nc(-c2ccc(O)cc2)c(Sc2sc(N)nc2-c2ccc(O)cc2)s1,85.1,Thiazoles,1,Carbon Steel,298K,Potentiodynamic Polarization,1.0M HCL,414.537
152,Mercaptobenzimidazole(MBI),Sc1nc2ccccc2[nH]1,87,Benzimidazoles,1,Carbon Steel,298K,Potentiodynamic Polarization,1.0M HCL,150.206
153,bis-Mercaptobenzimidazole(bis-MBI),c1ccc2[nH]c(SSc3nc4ccccc4[nH]3)nc2c1,92,Benzimidazoles,1,Carbon Steel,298K,Potentiodynamic Polarization,1.0M HCL,298.396
154,(8-hydroxyquinolin-5-yl)methyl-4-chlorobenzoate,O=C(OCc1ccc(O)c2ncccc12)c1ccc(Cl)cc1,93.1,Quinolines,1,Carbon Steel,298K,Potentiodynamic Polarization,1.0M HCL,313.74
155,(8-hydroxyquinolin-5-yl)methyl-4-nitrobenzoate,O=C(OCc1ccc(O)c2ncccc12)c1ccc([N+](=O)[O-])cc1,90.1,Quinolines,1,Carbon Steel,298K,Potentiodynamic Polarization,1.0M HCL,324.292
156,Guanine,Nc1nc2[nH]cnc2c(=O)[nH]1,67.8,Purines,1,Carbon Steel,298K,Potentiodynamic Polarization,1.0M HCL,151.129
157,Adenine,Nc1ncnc2[nH]cnc12,69.9,Purines,1,Carbon Steel,298K,Potentiodynamic Polarization,1.0M HCL,135.13
158,"2,6-diaminopurine",Nc1nc(N)c2nc[nH]c2n1,70.9,Purines,1,Carbon Steel,298K,Potentiodynamic Polarization,1.0M HCL,150.145
159,6-Thiopurine,Nc1nc(S)c2nc[nH]c2n1,78.4,Purines,1,Carbon Steel,298K,Potentiodynamic Polarization,1.0M HCL,167.197
160,"2,6-Dithiopurine",Sc1nc(S)c2nc[nH]c2n1,85.4,Purines,1,Carbon Steel,298K,Potentiodynamic Polarization,1.0M HCL,184.249
161,"1-Amino-2-mercapto-5-[1'-(1',2',4'-triazolyl)]methylene-1,3,4,triazole(ATT)",Nn1c(S)nnc1Cn1cncn1,71.6,Triazole,1,Carbon Steel,298K,Potentiodynamic Polarization,1.0M HCL,197.227
162,"1-(2''-Nitrophenyl)hypomethylimino-2-mercapto-5-[1'-(1',2',4'-triazole)]methylene-1,3,4,triazole(NATT)",O=[N+]([O-])c1ccccc1C=Nn1c(S)nnc1Cn1cncn1,89.1,Triazole,1,Carbon Steel,298K,Potentiodynamic Polarization,1.0M HCL,330.333
163,"1-(2''-Fluorophenyl)hypomethylimino-2-mercapto-5-[1'-(1',2',4'-triazole)]methylene-1,3,4,triazole(FATT)",Fc1ccccc1C=Nn1c(S)nnc1Cn1cncn1,89.2,Triazole,1,Carbon Steel,298K,Potentiodynamic Polarization,1.0M HCL,303.326
164,"1-(2''-Methoxyphenyl)hypomethylimino-2-mercapto-5-[1'-(1',2',4'-triazole)]methylene-1,3,4,triazole(MATT)",COc1ccccc1C=Nn1c(S)nnc1Cn1cncn1,92.4,Triazole,1,Carbon Steel,298K,Potentiodynamic Polarization,1.0M HCL,315.362
165,"1-[4''-(N'',N''-dimethylamino)phenyl]hypomethylimino-2-mercapto-5-[1'-(1',2',4'-triazole)]methylene-1,3,4,triazole(DATT)",CN(C)c1ccc(C=Nn2c(S)nnc2Cn2cncn2)cc1,93.4,Triazole,1,Carbon Steel,298K,Potentiodynamic Polarization,1.0M HCL,328.405
166,"1-(4''-Chlorophenyl)hypomethylimino-2-mercapto-5-[1'-(1',2',4'-triazole)]methylene-1,3,4,triazole(CATT)",Sc1nnc(Cn2cncn2)n1N=Cc1ccc(Cl)cc1,96.9,Triazole,1,Carbon Steel,298K,Potentiodynamic Polarization,1.0M HCL,319.781
167,"1-N-[1'-(1',2',4'-Triazole)]acetyl-4-N-benzoylaminothiourea(TBU)",O=C(Cn1cncn1)NNC(=S)NC(O)c1ccccc1,97.8,Triazole,1,Carbon Steel,298K,Potentiodynamic Polarization,1.0M HCL,306.351
168,"1-N-[1'-(1',2',4'-Triazole)]acetyl-4-N-(3'',5''-dimethyl)benzoylthiosemicarbazone(TDBU)",Cc1cc(C)cc(C(O)NC(=S)NNC(=O)Cn2cncn2)c1,94.8,Triazole,1,Carbon Steel,298K,Potentiodynamic Polarization,1.0M HCL,334.405
169,"4-chloroacetophenone-O-1'-(1',3',4'-triazole)methyleneoxime(CATM)",CC(=NOCn1cnnc1)c1ccc(Cl)cc1,96.8,Triazole,1,Carbon Steel,298K,Potentiodynamic Polarization,1.0M HCL,250.689
170,"4-Methoxyacetophenone-O-1'-(1',3',4'-triazole)methyleneoxime(MATM)",COc1ccc(C(C)=NOCn2cnnc2)cc1,93.8,Triazole,1,Carbon Steel,298K,Potentiodynamic Polarization,1.0M HCL,246.27
171,"4-Fluoroacetophenone-O-1'-(1',3',4'-triazole)methyleneoxime(FATM)",CC(=NOCn1cnnc1)c1ccc(F)cc1,93.5,Triazole,1,Carbon Steel,298K,Potentiodynamic Polarization,1.0M HCL,234.234
172,"3,4-Dichloroacetophenone-O-1'-(1',3',4'-triazole)methyleneoxime(3,4-DATM)",CC(=NOCn1cnnc1)c1ccc(Cl)c(Cl)c1,98.7,Triazole,1,Carbon Steel,298K,Potentiodynamic Polarization,1.0M HCL,285.134
173,"2,5-Dichloroacetophenone-O-1-(1,3,4-triazole)methyleneoxime(2,5-DATM)",CC(=NOCn1cnnc1)c1cc(Cl)ccc1Cl,98,Triazole,1,Carbon Steel,298K,Potentiodynamic Polarization,1.0M HCL,285.134
174,"1-(3-phenyl-4,5-dihydropyrazolyl)-2-(1H-1,2,4-triazolyl)ethanone(BHOT)",O=C(Cn1cncn1)N1CCC(c2ccccc2)=N1,98,Triazole,1,Carbon Steel,298K,Potentiodynamic Polarization,1.0M HCL,255.281
175,"1-[3-(4-Fluorophenyl)-4,5-dihydropyrazolyl)-2-(1H-1,2,4-triazolyl)ethanone(FHOT)",O=C(Cn1cncn1)N1CCC(c2ccc(F)cc2)=N1,97,Triazole,1,Carbon Steel,298K,Potentiodynamic Polarization,1.0M HCL,273.271
176,"1-[3-(2,4-dichlorophenyl)-4,5-dihydropyrazolyl]-2-(1H-1,2,4-triazolyl)ethanone(CHOT)",O=C(Cn1cncn1)N1CCC(c2ccc(Cl)cc2Cl)=N1,99,Triazole,1,Carbon Steel,298K,Potentiodynamic Polarization,1.0M HCL,324.171
177,"1-phenyl-2-[5-(1,2,4-triazole)-1-methyl-(1,3,4-oxadiazolyl)-2-thio]-ethanone(PTOE)",O=C(CSc1nnc(Cn2cncn2)o1)c1ccccc1,98.4,Triazole,1,Carbon Steel,298K,Potentiodynamic Polarization,1.0M HCL,301.331
178,"2-(4-tert-butyl-phenylmethylthio)-5-(1,2,4-triazolyl)-methyl-(1,3,4-oxadiazole)(TBTO)",CC(C)(C)c1ccc(CSc2nnc(Cn3cncn3)o2)cc1,98.6,Triazole,1,Carbon Steel,298K,Potentiodynamic Polarization,1.0M HCL,329.429
179,"1-[2-(4-nitrophenyl)-5-(1,2,4-triazole)-methyl-(1,3,4-oxadiazolyl)-3-yl]-ethanone(NTOE)",CC(=O)N1N=C(Cn2cncn2)OC1c1ccc([N+](=O)[O-])cc1,98.8,Triazole,1,Carbon Steel,298K,Potentiodynamic Polarization,1.0M HCL,316.277
180,"1-(4-Methoxybenzene)-2-[5-(1,2,4-triazole)-methyl-4H-(1,2,4-triazole)-methyl-4H-(1,2,4-triazolyl)-3-thio]-ethanone(MTTE)",COc1ccc(C(=O)CSc2nnc(Cn3cncn3)[nH]2)cc1,98.7,Triazole,1,Carbon Steel,298K,Potentiodynamic Polarization,1.0M HCL,330.373
181,"3-(4-Fluorophenyl)-1-[4-(1,2,4-triazole-1-methoxy)-phenyl]-propenone(FTPP)",O=C(C=Cc1ccc(F)cc1)c1ccc(OCn2cncn2)cc1,98.3,Triazole,1,Carbon Steel,298K,Potentiodynamic Polarization,1.0M HCL,323.327
182,2-Chloroaniline,Nc1ccccc1Cl,63.62,Amine,1,Carbon Steel,298K,Potentiodynamic Polarization,1.0M HCL,127.574
183,2-Fluoroaniline,Nc1ccccc1F,57.38,Amine,1,Carbon Steel,298K,Potentiodynamic Polarization,1.0M HCL,111.119
184,2-Methoxyaniline,COc1ccccc1N,56.79,Amine,1,Carbon Steel,298K,Potentiodynamic Polarization,1.0M HCL,123.155
185,2-Ethylaniline,CCOc1ccccc1N,55.26,Amine,1,Carbon Steel,298K,Potentiodynamic Polarization,1.0M HCL,137.182
186,2-Aminophenetole,CCc1ccccc1N,49.88,Amine,1,Carbon Steel,298K,Potentiodynamic Polarization,1.0M HCL,121.183
187,O-Toluidine,Cc1ccccc1N,43.13,Amine,1,Carbon Steel,298K,Potentiodynamic Polarization,1.0M HCL,107.156
188,5-nitroindazole,O=[N+]([O-])c1ccc2[nH]ncc2c1,75.9,Amine,1,Carbon Steel,298K,Potentiodynamic Polarization,1.0M HCL,163.136
189,"[(5,6-anhydro-3-O-methyl-1,2-O-isopropyli-dene-  -D-glucofuran-ose)(CG1)",COC1C2OC(C)(C)O[C@H]2C[C@@H]1C1CO1,92.9,Glucose,1,Carbon Steel,298K,Potentiodynamic Polarization,1.0M HCL,214.261
190,"(5,6-anhydro-3-O-hexadecyl-1,2-O-isopropylidene-  -D-glucofuranose(CG16)",CCCCCCOC1C2OC(C)(C)O[C@H]2C[C@@H]1C1CO1,94.6,Glucose,1,Carbon Steel,298K,Potentiodynamic Polarization,1.0M HCL,284.396
191,5-(chloromethyl)-8-quinolinolhydrochloride,Oc1ccc(CCl)c2ccc[nH+]c12.[Cl-],91,Quinolines,1,Carbon Steel,298K,Potentiodynamic Polarization,1.0M HCL,230.094
192,"7-N,N  -dimethylaminomethyl-8-hydroxyquinoline(DMQ)",CN(C)Cc1ccc2cccnc2c1O,94,Quinolines,1,Carbon Steel,298K,Potentiodynamic Polarization,1.0M HCL,202.257
193,"7-N,N  -dipropylaminomethyl-8-hydroxyquinoline(DPQ)",CCCN(CCC)Cc1ccc2cccnc2c1O,89.1,Quinolines,1,Carbon Steel,298K,Potentiodynamic Polarization,1.0M HCL,258.365
194,N-PropargylSaccharin(NPS),C#CCN1C(=O)c2ccccc2S1(=O)=O,92.47,Saccharin derivatives,1,Carbon Steel,298K,Potentiodynamic Polarization,1.0M HCL,221.237
195,Quinoline,c1ccc2ncccc2c1,82.96,Quinolines,1,Carbon Steel,298K,Potentiodynamic Polarization,1.0M HCL,129.162
196,5-benzylquinoline,c1ccc(Cc2cccc3ncccc23)cc1,94.74,Quinolines,1,Carbon Steel,298K,Potentiodynamic Polarization,1.0M HCL,219.287
197,8-hydroxy-5-benzylquinoline,Oc1ccc(Cc2ccccc2)c2cccnc12,98.06,Quinolines,1,Carbon Steel,298K,Potentiodynamic Polarization,1.0M HCL,235.286
198,triazolebis-Schiffbase(TSB),C(=Nc1nc[nH]n1)c1ccc(C=Nc2nc[nH]n2)cc1,91.2,Triazole,1,Carbon Steel,298K,Potentiodynamic Polarization,1.0M HCL,266.268
199,2-hydroxypyrimidine(HP);,Oc1ncccn1,54.6,Pyrimidines,1,Carbon Steel,298K,Potentiodynamic Polarization,1.0M HCL,96.089
200,2-mercaptopyrimidine(MP),Sc1ncccn1,59.5,Pyrimidines,1,Carbon Steel,298K,Potentiodynamic Polarization,1.0M HCL,112.157
201,1-Ethyl-3-methyl-imidazoliumhexafluorophosphate(EMIMPF6),CCn1cc[n+](C)c1.F[P-](F)(F)(F)(F)F,62.05,Phosphates,1,Carbon Steel,298K,Potentiodynamic Polarization,1.0M HCL,256.13
202,1-Methyl-3-octyl-imidazoliumhexafluorophosphate(OctMIMPF6),CCCCCCCCn1cc[n+](C)c1.F[P-](F)(F)(F)(F)F,82.98,Phosphates,1,Carbon Steel,298K,Potentiodynamic Polarization,1.0M HCL,340.292
203,E)-3-(4chlorostyryl)quinoxalin-2(1H)-one(CSQN),O=c1[nH]c2ccccc2nc1/C=C/c1ccc(Cl)cc1,92.8,Quinoxalines,1,Carbon Steel,298K,Potentiodynamic Polarization,1.0M HCL,282.73
204,(E)-3-(4-(dimethylamino)quinoxalin-2(1H)-one(NSQN),CN(C)c1ccc(/C=C/c2nc3ccccc3[nH]c2=O)cc1,96.4,Quinoxalines,1,Carbon Steel,298K,Potentiodynamic Polarization,1.0M HCL,291.354
205,(E)-2-(6-methoxynaphthalen-2-yl)-N  -(1-phenylethylidene)propanehydrazide(PHD-H),COc1ccc2cc(C(C)C(=O)N/N=C(\C)c3ccccc3)ccc2c1,87,Hydrazine,1,Carbon Steel,298K,Potentiodynamic Polarization,1.0M HCL,346.43
206,(E)-N  -(1-(4-bromophenyl)ethylidene)-2-(6-methoxynaphthalen-2-yl)propanehydrazide(PHD-Br),COc1ccc2cc(C(C)C(=O)N/N=C(\C)c3ccc(Br)cc3)ccc2c1,91,Hydrazine,1,Carbon Steel,298K,Potentiodynamic Polarization,1.0M HCL,425.326
207,"5-bromo-1[2-(diethylamino)ethyl]-1H?indole-2,3-dione",CCN(CC)CCN1C(=O)C(=O)c2cc(Br)ccc21,93.5,Indigo derivative,1,Carbon Steel,298K,Potentiodynamic Polarization,1.0M HCL,325.206
208,"1-[2-(diethylamino)ethyl]-1H?indole-2,3-dione",CCN(CC)CCN1C(=O)C(=O)c2ccccc21,88.8,Indigo derivative,1,Carbon Steel,298K,Potentiodynamic Polarization,1.0M HCL,246.31
209,"5-fluro-1[2-(diethylamino)ethyl]-1H?indole-2,3-dione",CCN(CC)CCN1C(=O)C(=O)c2cc(F)ccc21,90.6,Indigo derivative,1,Carbon Steel,298K,Potentiodynamic Polarization,1.0M HCL,264.3
210,Potassium2-(((E)-3-phenylallylidene)amino)acetate(CGSB),O=C([O-])C/N=C/C=C/c1ccccc1.[K+],97.3,Schiff bases,1,Carbon Steel,298K,Potentiodynamic Polarization,1.0M HCL,227.304
211,Potassium3-(1H-imidazol-4-yl)-2-(((E)-3-phenylallylidene)amino)propanoate(CHSB),O=C([O-])C(Cc1c[nH]cn1)/N=C/C=C/c1ccccc1.[K+],97.7,Schiff bases,1,Carbon Steel,298K,Potentiodynamic Polarization,1.0M HCL,307.394
212,Potassium3-(1H-indol-3-yl)-2-(((E)-3-phenylallylidene)amino)propanoate9CTSB),O=C([O-])C(Cc1c[nH]c2ccccc12)/N=C/C=C/c1ccccc1.[K+],98,Schiff bases,1,Carbon Steel,298K,Potentiodynamic Polarization,1.0M HCL,356.466
213,"2,6-Bis-(2-benzimidazolyl)pyridine",c1cc(-c2nc3ccccc3[nH]2)nc(-c2nc3ccccc3[nH]2)c1,97,Dibenzimidazole,1,Carbon Steel,298K,Potentiodynamic Polarization,1.0M HCL,311.348
214,Bis-(2-benzimidazolylmethyl)sulphide,c1ccc2[nH]c(CSCc3nc4ccccc4[nH]3)nc2c1,96,Dibenzimidazole,1,Carbon Steel,298K,Potentiodynamic Polarization,1.0M HCL,294.383
215,Bis-(2-benzimidazolylmethyl)oxide,c1ccc2[nH]c(COCc3nc4ccccc4[nH]3)nc2c1,95,Dibenzimidazole,1,Carbon Steel,298K,Potentiodynamic Polarization,1.0M HCL,278.315
216,"1,2-Bis-(2-benzimidazolyl)ethylene",c1ccc2[nH]c(CCc3nc4ccccc4[nH]3)nc2c1,94,Dibenzimidazole,1,Carbon Steel,298K,Potentiodynamic Polarization,1.0M HCL,262.316
217,"(E)-2-(4-(3-(2,5dimethoxyphenyl)acryloyl)phenoxy)aceticacid(AA-3)",COc1ccc(OC)c(/C=C/C(=O)c2ccc(OCC(=O)O)cc2)c1,95.96,Chalcone,1,Carbon Steel,298K,Potentiodynamic Polarization,1.0M HCL,342.347
218,2-(4-(3-(4-methoxyphenyl)propanoyl)phenoxy)aceticacid(AA-2),COc1ccc(/C=C/C(=O)c2ccc(OCC(=O)O)cc2)cc1,92.29,Chalcone,1,Carbon Steel,298K,Potentiodynamic Polarization,1.0M HCL,312.321
219,(E)-2-(4-(3-(p-tolyl)acryloyl)phenoxy)aceticacid(AA-1),CC(=O)COc1ccc(C(=O)/C=C/c2ccc(C)cc2)cc1,85.37,Chalcone,1,Carbon Steel,298K,Potentiodynamic Polarization,1.0M HCL,294.35
220,"2,6-bis(2-benzothiazolyl)pyridine(BBTP)",c1cc(-c2nc3ccccc3s2)nc(-c2nc3ccccc3s2)c1,96,Dibenzothiazoles,1,Carbon Steel,298K,Potentiodynamic Polarization,1.0M HCL,345.452
221,bis(2-benzothiazolylmethyl)sulphide(BBTMS),c1ccc2sc(CSCc3nc4ccccc4s3)nc2c1,93,Dibenzothiazoles,1,Carbon Steel,298K,Potentiodynamic Polarization,1.0M HCL,328.487
222,"1,2-bis(benzothiazolyl)ethylene(BBTE)",c1ccc2sc(CCc3nc4ccccc4s3)nc2c1,91,Dibenzothiazoles,1,Carbon Steel,298K,Potentiodynamic Polarization,1.0M HCL,296.42
223,"2,6-dichloro-8-nitroquinoline-3-carbaldehyde(QA-3)",C=[N+]([O-])c1cc(Cl)cc2cc(C=O)c(Cl)cc12,95,Quinolines,1,Carbon Steel,298K,Potentiodynamic Polarization,1.0M HCL,268.099
224,2-chloro-6-nitroquinoline-3-carbaldehyde(QA-2),O=Cc1cc2cc([N+](=O)[O-])ccc2cc1Cl,85,Quinolines,1,Carbon Steel,298K,Potentiodynamic Polarization,1.0M HCL,235.626
225,"2,6-dichloroquinoline-3-carbaldehyde(QA-1)",O=Cc1cc2cc(Cl)ccc2cc1Cl,83,Quinolines,1,Carbon Steel,298K,Potentiodynamic Polarization,1.0M HCL,225.074
226,3-[(3-Hydroxy-4-methoxy-benzylidene)-amino]-benzoicacid(HMAMB),COc1ccc(/C=N/c2cccc(C(=O)O)c2)cc1O,87.53,Schiff bases,1,Carbon Steel,298K,Potentiodynamic Polarization,1.0M HCL,271.272
227,3-[(2-Hydroxy-naphthalen-1-ylmethylene)-amino]-benzoicacid(HNCAMB),O=C(O)c1cccc(/N=C/c2c(O)ccc3ccccc23)c1,89.13,Schiff bases,1,Carbon Steel,298K,Potentiodynamic Polarization,1.0M HCL,291.306
228,3-[3-(4-Methoxy-phenyl)-allylideneamino]-benzoicacid(TMCAMB),C=C(/C=C(C)/N=C/C=C/c1ccc(OC)cc1)C(=O)O,97.07,Schiff bases,1,Carbon Steel,298K,Potentiodynamic Polarization,1.0M HCL,271.316
229,"4-[3-(4-Methoxy-phenyl)-allylideneamino]-1,5-dimethyl-2-phenyl-1,2-dihydro-pyrazol-3-one(TMCATP)",COc1ccc(/C=C/C=N/c2c(C)n(C)n(-c3ccccc3)c2=O)cc1,98.14,Schiff bases,1,Carbon Steel,298K,Potentiodynamic Polarization,1.0M HCL,347.418
230,4-pyridinecarboxaldehydethiosemicarbazone,NC(=S)N/N=C/c1ccncc1,84.5,Semicarbazones,1,Carbon Steel,298K,Potentiodynamic Polarization,1.0M HCL,180.236
231,"1,4-bis(2-(4-chlorophenyl)-1H-benzo[d]imidazol-1-yl)butane(IM-CL)",Clc1ccc(-c2nc3ccccc3n2CCCCn2c(-c3ccc(Cl)cc3)nc3ccccc32)cc1,89,Benzimidazoles,1,Carbon Steel,298K,Potentiodynamic Polarization,1.0M HCL,511.456
232,"1,4-bis(2-phenyl-1H-benzo[d]imidazol-1-yl)butane(IM-H)",c1ccc(-c2nc3ccccc3n2CCCCn2c(-c3ccccc3)nc3ccccc32)cc1,81,Benzimidazoles,1,Carbon Steel,298K,Potentiodynamic Polarization,1.0M HCL,442.566
233,"(E)-N-(2-(2-((2-((furan-2-ylmethylene)amino)ethyl)dimethylammonio)acetoxy)ethyl)-N,Ndimethyldodecan-1-aminiumbromidechloride",CCCCCCCCCCCC[N+](C)(C)CCOC(=O)C[N+](C)(C)CC/N=C/c1ccco1.[Br-].[Cl-],94.65,ionic surfactant,1,Carbon Steel,298K,Potentiodynamic Polarization,1.0M HCL,581.08
234,"N-(2-(2-(dimethyl(2-(((1E2E)-3-phenylallylidene)amino)ethyl)ammonio)acetoxy)ethyl-N,Ndimethyldodecan-1-aminiumbromidechloride",CCCCCCCCCCCC[N+](C)(C)CCOC(=O)C[N+](C)(C)CC/N=C/C=C/c1ccccc1.[Br-].[Cl-],94.99,ionic surfactant,1,Carbon Steel,298K,Potentiodynamic Polarization,1.0M HCL,617.157
235,"(E)-N-(2-(2-((2((4-methoxybenzylidene)amino)ethyl)dimethylammonio)acetoxy)ethyl-N,Ndimethyldodecan-1-aminiumbromidechloride",CCCCCCCCCCCC[N+](C)(C)CCOC(=O)C[N+](C)(C)CC/N=C/c1ccc(OC)cc1.[Br-].[Cl-],95.44,ionic surfactant,1,Carbon Steel,298K,Potentiodynamic Polarization,1.0M HCL,621.145
236,hexaglycidylNphenylaminopropoxy-N.N.N-triphenylpropane-1.3-diamine(ERH),CSc1scc(C)[n+]1-c1ccccc1.[I-],93.86,Epoxy,1,Carbon Steel,298K,Potentiodynamic Polarization,1.0M HCL,349.262
237,"6-(2,3-dioxoindolin-1-yl)-N,N,N-trimethylhexan-1-ammoniumbromide3",C[N+](C)(C)CCCCCCN1C(=O)C(=O)c2ccccc21,92.07,ionic surfactant,1,Carbon Steel,298K,Potentiodynamic Polarization,1.0M HCL,289.399
238,"1,10-phenanthroimidazolederivatives2-phenyl-1H-imidazo[4,5-f][1,10]phenanthroline(IPB)",c1ccc(-c2nc3c4cccnc4c4ncccc4c3[nH]2)cc1,89.2,Imidazoles,1,Carbon Steel,298K,Potentiodynamic Polarization,1.0M HCL,296.333
239,"1,4-di(1H-imidazo[4,5-f][1,10]phenanthrolin-2-yl)benzene(DIPB)",c1cnc2c(c1)c1nc(-c3ccc(-c4nc5c6cccnc6c6ncccc6c5[nH]4)cc3)[nH]c1c1cccnc12,90.3,Imidazoles,1,Carbon Steel,298K,Potentiodynamic Polarization,1.0M HCL,514.552
240,3-(phenylimino)indolin-2-one(TANH),O=C1Nc2ccccc2/C1=N/c1ccccc1,74.8,Amine,1,Carbon Steel,298K,Potentiodynamic Polarization,1.0M HCL,222.247
241,3-(4-hydroxyphenylimino)indolin-2-one(TANO),O=C1Nc2ccccc2/C1=N/c1ccc(O)cc1,91.2,Amine,1,Carbon Steel,298K,Potentiodynamic Polarization,1.0M HCL,238.246
242,3-(4-chlorophenylimino)indolin-2-one(TANC),O=C1Nc2ccccc2/C1=N/c1ccc(Cl)cc1,85.3,Amine,1,Carbon Steel,298K,Potentiodynamic Polarization,1.0M HCL,256.692
243,Phenylalanine,N[C@@H](Cc1ccccc1)C(=O)O,86.8,Amino acids,1,Carbon Steel,298K,Potentiodynamic Polarization,1.0M HCL,165.192
244,"(E)-4-((2-(2,4-dinitrophenyl)hydrazineylidene)methyl)benzene-1,3-diol(HZ-OH)",O=[N+]([O-])c1ccc(N/N=C/c2ccc(O)cc2O)c([N+](=O)[O-])c1,93.89,Hydrazine,1,Carbon Steel,298K,Potentiodynamic Polarization,1.0M HCL,318.245
245,"(E)-1-(2,4-dinitrophenyl)-2-(4-methylbenzylidene)hydrazine(HZ-Me)",Cc1ccc(/C=N/Nc2ccc([N+](=O)[O-])cc2[N+](=O)[O-])cc1,87.77,Hydrazine,1,Carbon Steel,298K,Potentiodynamic Polarization,1.0M HCL,300.274
246,(E)-1-(4-chlorobenzylidene)-2-(24-dinitrophenyl)hydrazine(HZ-Cl),O=[N+]([O-])c1ccc(N/N=C/c2ccc(Cl)cc2)c([N+](=O)[O-])c1,84.3,Hydrazine,1,Carbon Steel,298K,Potentiodynamic Polarization,1.0M HCL,320.692
247,"11-phenyl-2,3,4,10,11,11a-hexahydro-1H-dibenzo[b,e][1,4]diazepine(CSBO)",c1ccc2c(c1)N=C1CCCCC1C1(CCCCC1)N2,89.7,Benzodiazepines,1,Carbon Steel,298K,Potentiodynamic Polarization,1.0M HCL,268.404
248,"11-methyl-11-phenyl-2,3,4,10,11,11a-hexahydro-1H-dibenzo[b,e][1,4]diazepine(TVBO).",CC1(c2ccccc2)Nc2ccccc2N=C2CCCCC21,93.3,Benzodiazepines,1,Carbon Steel,298K,Potentiodynamic Polarization,1.0M HCL,290.41
249,"2-(4-chlorophenyl)-3-Hydroxy-8-Styryl-pyrimido[2,1-b][1,3]thiazine-4,6-dione(CSPTD)",O=c1cc(/N=C/c2ccccc2)nc2sc(-c3ccc(Cl)cc3)c(O)c(=O)n12,91.8,Thiazines,1,Carbon Steel,298K,Potentiodynamic Polarization,1.0M HCL,409.854
250,Isonitrosoacetanilide,O=C(/C=N\O)Nc1ccccc1,59.5,Amine,1,Carbon Steel,298K,Potentiodynamic Polarization,1.0M HCL,164.164
251,2-Bromoisonitrosoacetanilide,COc1ccccc1NC(=O)/C=N\O,72.8,Amine,1,Carbon Steel,298K,Potentiodynamic Polarization,1.0M HCL,194.19
252,2-Methoxyisonitrosoacetanilide,O=C(/C=N\O)Nc1ccccc1Br,75.1,Amine,1,Carbon Steel,298K,Potentiodynamic Polarization,1.0M HCL,243.06
253,ZGO(8carbons),CCCCCCCCOP(=O)([O-])Oc1ccc(/C=N/CC[N+](C)(C)CCCCCCCC)cc1OC.[Br-].[Na+],90.09,ionic surfactant,1,Carbon Steel,298K,Potentiodynamic Polarization,1.0M HCL,629.593
254,ZGD(12carbons),CCCCCCCCCCCCOP(=O)([O-])Oc1ccc(/C=N/CC[N+](C)(C)CCCCCCCCCCCC)cc1OC.[Br-].[Na+],90.85,ionic surfactant,1,Carbon Steel,298K,Potentiodynamic Polarization,1.0M HCL,741.809
255,ZGH(16carbons),CCCCCCCCCCCCCCCCOP(=O)([O-])Oc1ccc(/C=N/CC[N+](C)(C)CCCCCCCCCCCCCCCC)cc1OC.[Br-].[Na+],92.27,ionic surfactant,1,Carbon Steel,298K,Potentiodynamic Polarization,1.0M HCL,854.025
256,"2-amino-4-(2-chlorophenyl)-5-oxo-4,5-dihydropyrano[3,2-c]chromene-3-carbonitrile(PY-2Cl)",N#CC1=C(N)Oc2c(c(=O)oc3ccccc23)C1c1ccccc1Cl,91.6,Pyranes,1,Carbon Steel,298K,Potentiodynamic Polarization,1.0M HCL,350.761
257,"2-amino-4-(4-chlorophenyl)-5-oxo-4,5-dihydropyrano[3,2c]chromene-3-carbonitrile(PY-4Cl)",N#CC1=C(N)Oc2c(c(=O)oc3ccccc23)C1c1ccc(Cl)cc1,86.8,Pyranes,1,Carbon Steel,298K,Potentiodynamic Polarization,1.0M HCL,350.761
258,"5-((furan-2-yl)methyleneamino)-2H-1,2,4-triazole-3-thiol(FMT)",Sc1nc(/N=C/c2ccco2)n[nH]1,85,Triazole,1,Carbon Steel,298K,Potentiodynamic Polarization,1.0M HCL,194.219
259,"5-((thiophen-2-yl)methyleneamino)-2H-1,2,4-triazole-3-thiol(TMT)",Sc1nc(/N=C/c2cccs2)n[nH]1,87,Triazole,1,Carbon Steel,298K,Potentiodynamic Polarization,1.0M HCL,210.287
260,"2-((E)-((E)-2-hydrazone-1,2-diphenylethylidene)aminophenol)(HDAP)",N/N=C(C(=N/c1ccccc1O)/c1ccccc1)\c1ccccc1,88.62,Triazole,1,Carbon Steel,298K,Potentiodynamic Polarization,1.0M HCL,315.376
261,8-(2-bromoethoxy)quinoline(QN-C2Br),BrCCOc1cccc2cccnc12,95.2,Quinolines,1,Carbon Steel,298K,Potentiodynamic Polarization,1.0M HCL,252.111
262,8-(3-bromopropoxy)quinoline(QN-C3Br),BrCCCOc1cccc2cccnc12,95.7,Quinolines,1,Carbon Steel,298K,Potentiodynamic Polarization,1.0M HCL,266.138
263,8-(4-bromobutoxy)quinoline(QN-C4Br),BrCCCCOc1cccc2cccnc12,97.5,Quinolines,1,Carbon Steel,298K,Potentiodynamic Polarization,1.0M HCL,280.165
264,N'-(4-Hydroxybezylidene)nicotinichydrazone(HBNH),O=C(N/N=C/c1ccc(O)cc1)c1cccnc1,82.3,Schiff bases,1,Carbon Steel,298K,Potentiodynamic Polarization,1.0M HCL,241.25
265,N'-(4-methylybezylidene)nicotinichydrazone(MBNH),Cc1ccc(/C=N/NC(=O)c2cccnc2)cc1,81.5,Schiff bases,1,Carbon Steel,298K,Potentiodynamic Polarization,1.0M HCL,239.278
266,"1,3,5-tris(4-aminophenoxy)benzene(TAPOB)",Nc1ccc(Oc2cc(Oc3ccc(N)cc3)cc(Oc3ccc(N)cc3)c2)cc1,97.4,Amine,1,Carbon Steel,298K,Potentiodynamic Polarization,1.0M HCL,399.45
267,(Z)-3-hydroxy-1-(pyridin-2-yl)but-2-en-1-one(KE-1),C/C(O)=C/C(=O)c1ccccn1,89.2,Ketenol derivatives,1,Carbon Steel,298K,Potentiodynamic Polarization,1.0M HCL,163.176
268,"(Z)-1-(1,5-dimethyl-1H-pyrazol-3-yl)-3-hydroxy-3-(pyridin-2-yl)prop-2-en-1-one(KE-2)",Cc1cc(C(=O)/C=C(\O)c2ccccn2)nn1C,91.3,Ketenol derivatives,1,Carbon Steel,298K,Potentiodynamic Polarization,1.0M HCL,243.266
269,"4(N,N-dimethylamino)benzaldehydenicotinicacidhydrazone(ABNH)",CN(C)c1ccc(/C=N/NC(=O)c2cccnc2)cc1,85,Hydrazine,1,Carbon Steel,298K,Potentiodynamic Polarization,1.0M HCL,268.32
270,4-Methylthiazol-2-amine,Cc1csc(N)n1,70.06,Thiazoles,1,Carbon Steel,298K,Potentiodynamic Polarization,1.0M HCL,114.173
271,"3-Amino-5-mercapto-1,2,4-triazole",Nc1nc(=S)[nH][nH]1,75.19,Triazoles,1,Carbon Steel,298K,Potentiodynamic Polarization,1.0M HCL,116.149
272,1H-Benzotriazole,c1ccc2n[nH]nc2c1,77.2,Triazoles,1,Carbon Steel,298K,Potentiodynamic Polarization,1.0M HCL,119.127
273,1-Hydroxy-7-azabenzotriazole,On1nnc2cccnc21,74.8,Triazoles,1,Carbon Steel,298K,Potentiodynamic Polarization,1.0M HCL,136.114
274,(2E)-3-(4-methylphenyl)prop-2-enal(MeCA),Cc1ccc(/C=C/C=O)cc1,73,Aldehydes,1,Carbon Steel,298K,Potentiodynamic Polarization,1.0M HCL,146.189
275,(2E)-3-(4-methoxyphenyl)prop-2-enal(MCA),COc1ccc(/C=C/C=O)cc1,86,Aldehydes,1,Carbon Steel,298K,Potentiodynamic Polarization,1.0M HCL,162.188
276,"(E)-4-(1-(pyridin-2ylimino)ethyl)benzene-1,3-diol(PSB2)",C/C(=N\c1ccccn1)c1ccc(O)cc1O,90,Schiff bases,1,Carbon Steel,298K,Potentiodynamic Polarization,1.0M HCL,228.251
277,"(E)-4-(1-((3-hydroxyphenyl)imino)ethyl)benzene-1,3-diol(PSB1)",C/C(=N\c1cccc(O)c1)c1ccc(O)cc1O,89.7,Schiff bases,1,Carbon Steel,298K,Potentiodynamic Polarization,1.0M HCL,243.262
278,"ethyl2-(3-methyl-2-oxo-1,2-dihydroquinixalin-1-yl)acetate(EMOqA)",CCOC(=O)Cn1c(=O)c(C)nc2ccccc21,86.7,Ethyl acetate,1,Carbon Steel,298K,Potentiodynamic Polarization,1.0M HCL,246.266
279,5-(((1-azido-3-chloropropan-2-yl)oxy)methyl)quinolin-8-ol(ACQ),[N-]=[N+]=NCC(CCl)OCc1ccc(O)c2ncccc12,93.8,Quinolines,1,Carbon Steel,298K,Potentiodynamic Polarization,1.0M HCL,292.726
280,"2-Amino-4-phenyl-2H-pyrano[3,2-h]quinolin-3-carbonitrile(QP-H)",N#CC1=C(c2ccccc2)c2ccc3cccnc3c2OC1N,91.1,Quinolines,1,Carbon Steel,298K,Potentiodynamic Polarization,1.0M HCL,299.333
281,3-(2-methoxyphenyl)-isoxazole-carvone(MIC),COc1ccccc1C1=NOC(C)([C@@H]2CC=C(C)C(=O)C2)C1,93.28,Isoxazoles,1,Carbon Steel,298K,Potentiodynamic Polarization,1.0M HCL,299.37
282,"2-amino-5-oxo-4-phenyl-4H,5H-pyrano[3,2-c]chromene-3-carbonitrile(PY-H)",N#CC1=C(N)Oc2c(c(=O)oc3ccccc23)C1c1ccccc1,89,Pyranes,1,Carbon Steel,298K,Potentiodynamic Polarization,1.0M HCL,316.316
283,7-((4-benzylpiperazin-1-yl)methyl)quinolin-8-ol(BPMQ),Oc1c(CN2CCN(Cc3ccccc3)CC2)ccc2cccnc12,93.6,Quinolines,1,Carbon Steel,298K,Potentiodynamic Polarization,1.0M HCL,333.435
284,"N,N,1-tri(oxiran-2-ylmethoxy)-5-((oxiran-2-ylmethoxy)thio)-1H-1,2,4-triazol-3-amine(TTA)",C1OC1CSc1nc(N(CC2CO2)CC2CO2)nn1CC1CO1,90.8,Epoxy,1,Carbon Steel,298K,Potentiodynamic Polarization,1.0M HCL,340.405
285,"methyl2-amino-4-(4-methoxyphenyl)-4H-pyrano[3,2 Ch]quinoline-3-carboxylate(P-2)",COC(=O)C1=C(N)Oc2c(ccc3cccnc23)C1c1ccc(OC)cc1,93.8,Quinolines,1,Carbon Steel,298K,Potentiodynamic Polarization,1.0M HCL,362.385
286,"methyl2-amino-4-(4-chlorophenyl)-4H-pyrano[3,2 Ch]quinoline-3-carboxylate(P-1)",COC(=O)C1=C(N)Oc2c(ccc3cccnc23)C1c1ccc(Cl)cc1,89.5,Quinolines,1,Carbon Steel,298K,Potentiodynamic Polarization,1.0M HCL,366.804
287,"N1-(2-morpholinoethyl)-N1,N3-bis(pyridine-2-ylmethyl)propane-1,3-diamine(RSB)",c1ccc(CNCCCN(CCN2CCCCC2)Cc2ccccn2)nc1,86,Pyridines,1,Carbon Steel,298K,Potentiodynamic Polarization,1.0M HCL,367.541
288,"quinolin-8-ol-piperazineanalogs7-((4-(benzo[d][1,3]dioxol-5-ylmethyl)piperazin-1-yl)methyl)quinolin-8-ol(OPMQ)",Oc1c(CN2CCN(Cc3ccc4c(c3)OCO4)CC2)ccc2cccnc12,96.8,Quinolines,1,Carbon Steel,298K,Potentiodynamic Polarization,1.0M HCL,377.444
289,"1,4-bis(2-(2-hydroxyethyliminomethyl)phenyl)piperazine",OCC/N=C/c1ccccc1N1CCN(c2ccccc2/C=N/CCO)CC1,81,Piperazine,1,Carbon Steel,298K,Potentiodynamic Polarization,1.0M HCL,380.492
290,"2-(n-Hexylamino)-4,6-bis(3-N,N-dimethylaminopropyl)amino-1,3,5-triazine",CCCCCCNc1nc(NCCCN(C)C)nc(NCCCN(C)C)n1,93.45,Triazines,1,Carbon Steel,298K,Potentiodynamic Polarization,1.0M HCL,380.585
291,"2-(nOctylamino)-4,6-bis(3-N,N-dimethylaminopropyl)amino-1,3,5-triazine",CCCCCCCCNc1nc(NCCCN(C)C)nc(NCCCN(C)C)n1,94.41,Triazines,1,Carbon Steel,298K,Potentiodynamic Polarization,1.0M HCL,408.639
292,"e2,4-Bis(2 Chydroxynaphthaldehyde)diiminotholuene(L)",Cc1ccc(/N=C/c2c(O)ccc3ccccc23)cc1/N=C/c1c(O)ccc2ccccc12,92.46,Schiff bases,1,Carbon Steel,298K,Potentiodynamic Polarization,1.0M HCL,430.507
293,"2-(n-n-Dodecylamino)-4,6-bis(3-N,N-dimethylaminopropyl)amino-1,3,5-triazine",CCCCCCCCCCCCNc1nc(NCCCN(C)C)nc(NCCCN(C)C)n1,96.66,Triazines,1,Carbon Steel,298K,Potentiodynamic Polarization,1.0M HCL,464.747
294,"44,4  -Methylenebis{N-[(E)-quinol  ine-2-ylmethylidene]aniline}(MQ)",C(=N/c1ccc(Cc2ccc(/N=C/c3ccc4ccccc4n3)cc2)cc1)\c1ccc2ccccc2n1,81.11,Schiff bases,1,Carbon Steel,298K,Potentiodynamic Polarization,1.0M HCL,476.583
295,"4,4  -Oxybis{N-[(E)-quinol  ine-2-ylmethylidene]aniline}(OQ)",C(=N/c1ccc(Oc2ccc(/N=C/c3ccc4ccccc4n3)cc2)cc1)\c1ccc2ccccc2n1,82.8,Schiff bases,1,Carbon Steel,298K,Potentiodynamic Polarization,1.0M HCL,478.555
296,"4,4  -Ethanebis{N-[(E)-quinol  ine-2-ylmethylidene]aniline}(EQ)",C(=N/c1ccc(CCc2ccc(/N=C/c3ccc4ccccc4n3)cc2)cc1)\c1ccc2ccccc2n1,85.3,Schiff bases,1,Carbon Steel,298K,Potentiodynamic Polarization,1.0M HCL,490.61
